{
  "a1": [
    -15.418300000000002,
    24.2255,
    15.946629999999999
  ],
  "a3": [
    -14.418300000000002,
    37.1475,
    15.946629999999999
  ]
}