{
  "a1": [
    -20.565,
    29.57,
    24.537300000000002
  ],
  "a2": [
    -20.065,
    34.04,
    24.037300000000002
  ],
  "a3": [
    -18.565,
    38.81,
    24.587300000000003
  ],
  "a4": [
    -19.065,
    42.480000000000004,
    24.587300000000003
  ],
  "a5": [
    -19.565,
    45.85,
    24.9873
  ],
  "a6": [
    -18.815,
    51.42,
    25.037300000000002
  ],
  "a7": [
    -18.315,
    55.74,
    25.537300000000002
  ],
  "a8": [
    -17.065,
    59.06,
    27.037300000000002
  ],
  "b1": [
    -15.995000000000001,
    31.07,
    24.037300000000002
  ],
  "b2": [
    -14.995000000000001,
    35.64,
    24.037300000000002
  ],
  "b3": [
    -15.995000000000001,
    39.41,
    24.337300000000003
  ],
  "b4": [
    -14.995000000000001,
    44.28,
    24.037300000000002
  ],
  "b5": [
    -15.995000000000001,
    47.35,
    25.037300000000002
  ],
  "b6": [
    -13.995000000000001,
    51.92,
    26.037300000000002
  ],
  "b7": [
    -15.495000000000001,
    55.49,
    26.037300000000002
  ],
  "b8": [
    -14.995000000000001,
    60.56,
    27.037300000000002
  ],
  "c1": [
    -10.925,
    31.57,
    24.537300000000002
  ],
  "c2": [
    -10.925,
    36.14,
    25.037300000000002
  ],
  "c3": [
    -10.925,
    40.21,
    25.537300000000002
  ],
  "c4": [
    -10.925,
    44.28,
    25.037300000000002
  ],
  "c5": [
    -10.425,
    47.85,
    25.037300000000002
  ],
  "c6": [
    -10.925,
    52.02,
    26.037300000000002
  ],
  "c7": [
    -8.925,
    56.49,
    25.537300000000002
  ],
  "c8": [
    -8.925,
    61.56,
    27.537300000000002
  ],
  "d1": [
    -5.855,
    33.07,
    25.037300000000002
  ],
  "d2": [
    -5.855,
    36.64,
    25.037300000000002
  ],
  "d3": [
    -5.855,
    41.21,
    25.037300000000002
  ],
  "d4": [
    -5.855,
    44.78,
    24.537300000000002
  ],
  "d5": [
    -4.855,
    48.85,
    25.037300000000002
  ],
  "d6": [
    -4.855,
    52.42,
    26.037300000000002
  ],
  "d7": [
    -4.855,
    56.49,
    26.037300000000002
  ],
  "d8": [
    -4.855,
    61.06,
    26.537300000000002
  ],
  "e1": [
    -0.7850000000000001,
    33.07,
    25.037300000000002
  ],
  "e2": [
    -0.7850000000000001,
    37.14,
    25.037300000000002
  ],
  "e3": [
    -0.7850000000000001,
    41.21,
    26.037300000000002
  ],
  "e4": [
    -0.7850000000000001,
    45.28,
    26.037300000000002
  ],
  "e5": [
    -0.7850000000000001,
    48.35,
    26.037300000000002
  ],
  "e6": [
    -0.7850000000000001,
    53.42,
    27.037300000000002
  ],
  "e7": [
    -0.7850000000000001,
    56.49,
    27.037300000000002
  ],
  "e8": [
    -0.7850000000000001,
    60.56,
    27.037300000000002
  ],
  "f1": [
    4.285,
    33.07,
    26.037300000000002
  ],
  "f2": [
    3.285,
    37.14,
    26.037300000000002
  ],
  "f3": [
    3.285,
    41.21,
    26.037300000000002
  ],
  "f4": [
    4.285,
    45.28,
    26.037300000000002
  ],
  "f5": [
    3.285,
    49.35,
    26.037300000000002
  ],
  "f6": [
    4.285,
    52.42,
    27.037300000000002
  ],
  "f7": [
    3.285,
    56.49,
    27.037300000000002
  ],
  "f8": [
    3.285,
    60.56,
    27.037300000000002
  ],
  "g1": [
    9.355,
    34.07,
    25.037300000000002
  ],
  "g2": [
    9.355,
    37.14,
    26.037300000000002
  ],
  "g3": [
    8.355,
    41.21,
    26.037300000000002
  ],
  "g4": [
    9.355,
    45.28,
    26.037300000000002
  ],
  "g5": [
    8.355,
    49.35,
    26.037300000000002
  ],
  "g6": [
    8.855,
    53.42,
    27.037300000000002
  ],
  "g7": [
    8.855,
    57.49,
    27.037300000000002
  ],
  "g8": [
    8.855,
    61.56,
    28.037300000000002
  ],
  "h1": [
    14.425,
    33.07,
    25.037300000000002
  ],
  "h2": [
    13.425,
    37.64,
    26.037300000000002
  ],
  "h3": [
    13.425,
    41.21,
    25.037300000000002
  ],
  "h4": [
    13.925,
    45.28,
    26.037300000000002
  ],
  "h5": [
    13.925,
    49.35,
    26.037300000000002
  ],
  "h6": [
    13.925,
    52.42,
    27.037300000000002
  ],
  "h7": [
    13.925,
    56.49,
    27.037300000000002
  ],
  "h8": [
    13.925,
    61.06,
    28.037300000000002
  ],
  "capture": [
    20,
    45,
    28
  ]
}