{
  "a1": [
    -20.565,
    30.57,
    23.037300000000002
  ],
  "a2": [
    -20.565,
    35.04,
    24.037300000000002
  ],
  "a3": [
    -19.065,
    39.81,
    23.837300000000003
  ],
  "a4": [
    -18.565,
    43.980000000000004,
    24.037300000000002
  ],
  "a5": [
    -19.565,
    47.85,
    24.037300000000002
  ],
  "a6": [
    -21.065,
    50.42,
    24.537300000000002
  ],
  "a7": [
    -19.065,
    55.49,
    25.537300000000002
  ],
  "a8": [
    -20.065,
    59.06,
    25.537300000000002
  ],
  "b1": [
    -15.995000000000001,
    31.07,
    24.037300000000002
  ],
  "b2": [
    -14.995000000000001,
    35.64,
    24.037300000000002
  ],
  "b3": [
    -15.995000000000001,
    39.41,
    24.337300000000003
  ],
  "b4": [
    -14.995000000000001,
    44.28,
    24.037300000000002
  ],
  "b5": [
    -15.995000000000001,
    47.35,
    25.037300000000002
  ],
  "b6": [
    -13.995000000000001,
    51.92,
    26.037300000000002
  ],
  "b7": [
    -15.495000000000001,
    55.49,
    26.037300000000002
  ],
  "b8": [
    -14.995000000000001,
    60.56,
    27.037300000000002
  ],
  "c1": [
    -10.925,
    31.57,
    24.537300000000002
  ],
  "c2": [
    -10.925,
    36.14,
    25.037300000000002
  ],
  "c3": [
    -10.925,
    40.21,
    25.537300000000002
  ],
  "c4": [
    -10.925,
    44.28,
    25.037300000000002
  ],
  "c5": [
    -10.425,
    47.85,
    25.037300000000002
  ],
  "c6": [
    -10.925,
    52.02,
    26.037300000000002
  ],
  "c7": [
    -8.925,
    56.49,
    25.537300000000002
  ],
  "c8": [
    -8.925,
    61.56,
    27.537300000000002
  ],
  "d1": [
    -5.855,
    33.07,
    25.037300000000002
  ],
  "d2": [
    -5.855,
    36.64,
    25.037300000000002
  ],
  "d3": [
    -5.855,
    41.21,
    25.037300000000002
  ],
  "d4": [
    -5.855,
    44.78,
    24.537300000000002
  ],
  "d5": [
    -4.855,
    48.85,
    25.037300000000002
  ],
  "d6": [
    -4.855,
    52.42,
    26.037300000000002
  ],
  "d7": [
    -4.855,
    56.49,
    26.037300000000002
  ],
  "d8": [
    -4.855,
    61.06,
    26.537300000000002
  ]
}