{
  "a1": [
    -19.565,
    30.07,
    25.037300000000002
  ],
  "a2": [
    -21.065,
    33.14,
    24.037300000000002
  ],
  "a3": [
    -20.065,
    37.81,
    24.837300000000003
  ],
  "a4": [
    -19.065,
    42.28,
    25.037300000000002
  ],
  "a5": [
    -17.565,
    47.35,
    25.037300000000002
  ],
  "a6": [
    -17.065,
    51.42,
    25.537300000000002
  ],
  "a7": [
    -19.065,
    54.49,
    26.037300000000002
  ],
  "a8": [
    -17.065,
    59.56,
    26.037300000000002
  ]
}