{
  "a1": [
    -19.065,
    29.07,
    23.537300000000002
  ],
  "a2": [
    -18.065,
    34.04,
    23.537300000000002
  ],
  "a3": [
    -18.565,
    37.81,
    24.087300000000003
  ],
  "a4": [
    -18.565,
    40.980000000000004,
    23.587300000000003
  ],
  "a5": [
    -17.565,
    46.35,
    23.9873
  ],
  "a6": [
    -16.815,
    50.42,
    24.537300000000002
  ],
  "a7": [
    -17.315,
    54.24,
    24.537300000000002
  ],
  "a8": [
    -17.065,
    58.06,
    25.037300000000002
  ],
  "b1": [
    -13.995000000000001,
    29.57,
    24.037300000000002
  ],
  "b2": [
    -13.495000000000001,
    34.14,
    23.537300000000002
  ],
  "b3": [
    -13.995000000000001,
    37.91,
    24.337300000000003
  ],
  "b4": [
    -12.995000000000001,
    41.78,
    24.037300000000002
  ],
  "b5": [
    -12.995000000000001,
    46.35,
    24.037300000000002
  ],
  "b6": [
    -12.995000000000001,
    50.42,
    25.037300000000002
  ],
  "b7": [
    -13.495000000000001,
    54.49,
    25.037300000000002
  ],
  "b8": [
    -12.995000000000001,
    58.56,
    25.037300000000002
  ],
  "c1": [
    -9.925,
    30.07,
    23.537300000000002
  ],
  "c2": [
    -9.925,
    34.74,
    23.837300000000003
  ],
  "c3": [
    -9.425,
    39.21,
    23.837300000000003
  ],
  "c4": [
    -9.925,
    42.28,
    23.7373
  ],
  "c5": [
    -8.925,
    46.35,
    24.037300000000002
  ],
  "c6": [
    -8.925,
    50.02,
    24.037300000000002
  ],
  "c7": [
    -8.925,
    53.99,
    24.537300000000002
  ],
  "c8": [
    -8.925,
    58.760000000000005,
    25.037300000000002
  ],
  "d1": [
    -5.355,
    30.57,
    23.537300000000002
  ],
  "d2": [
    -5.855,
    35.14,
    24.037300000000002
  ],
  "d3": [
    -4.855,
    39.21,
    24.037300000000002
  ],
  "d4": [
    -4.855,
    42.879999999999995,
    23.837300000000003
  ],
  "d5": [
    -4.855,
    46.35,
    24.037300000000002
  ],
  "d6": [
    -4.355,
    50.72,
    24.037300000000002
  ],
  "d7": [
    -3.8550000000000004,
    54.99,
    24.037300000000002
  ],
  "d8": [
    -4.855,
    59.06,
    24.537300000000002
  ],
  "e1": [
    -0.7850000000000001,
    31.07,
    23.037300000000002
  ],
  "e2": [
    -0.7850000000000001,
    36.14,
    23.037300000000002
  ],
  "e3": [
    -0.28500000000000014,
    39.71,
    23.537300000000002
  ],
  "e4": [
    -0.7850000000000001,
    43.17999999999999,
    23.7373
  ],
  "e5": [
    -0.7850000000000001,
    47.35,
    24.037300000000002
  ],
  "e6": [
    -0.7850000000000001,
    50.92,
    24.037300000000002
  ],
  "e7": [
    -0.7850000000000001,
    54.99,
    24.037300000000002
  ],
  "e8": [
    -0.28500000000000014,
    59.56,
    23.937300000000004
  ],
  "f1": [
    4.285,
    31.57,
    24.037300000000002
  ],
  "f2": [
    3.585,
    35.94,
    24.03730000000001
  ],
  "f3": [
    3.785,
    39.61000000000001,
    24.037300000000002
  ],
  "f4": [
    3.885,
    43.28,
    23.837300000000003
  ],
  "f5": [
    3.785,
    47.35,
    24.4373
  ],
  "f6": [
    4.285,
    51.42,
    24.037300000000002
  ],
  "f7": [
    3.785,
    54.99,
    24.2373
  ],
  "f8": [
    4.285,
    59.56,
    24.037300000000002
  ],
  "g1": [
    8.355,
    32.07,
    24.037300000000002
  ],
  "g2": [
    8.355,
    36.14,
    24.037300000000002
  ],
  "g3": [
    8.355,
    40.21,
    24.037300000000002
  ],
  "g4": [
    8.355,
    43.78,
    24.037300000000002
  ],
  "g5": [
    8.355,
    47.95000000000001,
    24.037300000000002
  ],
  "g6": [
    8.855,
    51.42,
    24.037300000000002
  ],
  "g7": [
    8.355,
    55.190000000000005,
    24.037300000000002
  ],
  "g8": [
    8.355,
    59.36,
    25.037300000000002
  ],
  "h1": [
    13.425,
    32.07,
    24.037300000000002
  ],
  "h2": [
    13.425,
    35.64,
    24.1373
  ],
  "h3": [
    13.425,
    40.21,
    24.037300000000002
  ],
  "h4": [
    12.425,
    43.28,
    24.037300000000002
  ],
  "h5": [
    12.925,
    47.35,
    24.037300000000002
  ],
  "h6": [
    12.425,
    51.620000000000005,
    24.337300000000003
  ],
  "h7": [
    12.425,
    55.39000000000001,
    24.837300000000003
  ],
  "h8": [
    12.425,
    59.56,
    25.037300000000002
  ],
  "capture": [
    20,
    45,
    28
  ]
}