{
    "e4": [83.073062389643, 75.48539008361371, 62.20692457759299],
    "g6": [73.03368451278875,60.84954139680548,87.22585077959216]
}